date,cost,final_price,gross_pnl,gross_pnl_percent,ticker,direction,max_loss,contracts,fees,net_pnl,net_capital
2023-05-02 00:00:00-04:00,1.2000000000000002,3.259999999999998,-2.059999999999998,-171.67,I:SPX,1,3.8,1,0.04,-2.099999999999998,-209.99999999999977
2023-05-03 00:00:00-04:00,1.5099999999999998,0.0,1.5099999999999998,100.0,I:SPX,0,3.49,1,0.04,1.4699999999999998,-62.9999999999998
2023-05-04 00:00:00-04:00,1.42,0.0,1.42,100.0,I:SPX,0,3.58,1,0.04,1.38,75.0000000000002
2023-05-05 00:00:00-04:00,1.0999999999999996,7.0,-3.9000000000000004,-536.36,I:SPX,0,3.9000000000000004,1,0.04,-3.9400000000000004,-318.9999999999999
2023-05-08 00:00:00-04:00,0.8200000000000003,0.0,0.8200000000000003,100.0,I:SPX,1,4.18,1,0.04,0.7800000000000002,-240.99999999999986
2023-05-09 00:00:00-04:00,0.9999999999999996,0.0,0.9999999999999996,100.0,I:SPX,1,4.0,1,0.04,0.9599999999999995,-144.9999999999999
2023-05-10 00:00:00-04:00,1.1,0.0,1.1,100.0,I:SPX,0,3.9,1,0.04,1.06,-38.999999999999886
2023-05-11 00:00:00-04:00,0.9000000000000004,0.0,0.9000000000000004,100.0,I:SPX,1,4.1,1,0.04,0.8600000000000003,47.00000000000014
2023-05-12 00:00:00-04:00,0.9499999999999997,0.45,0.4999999999999997,52.63,I:SPX,1,4.050000000000001,1,0.04,0.45999999999999974,93.00000000000011
2023-05-15 00:00:00-04:00,0.8999999999999999,0.0,0.8999999999999999,100.0,I:SPX,1,4.1,1,0.04,0.8599999999999999,179.0000000000001
2023-05-16 00:00:00-04:00,1.1,4.5,-3.4,-309.09,I:SPX,1,3.9,1,0.04,-3.44,-164.9999999999999
2023-05-17 00:00:00-04:00,0.94,5.01,-4.0600000000000005,-432.98,I:SPX,0,4.0600000000000005,1,0.04,-4.1000000000000005,-575.0
2023-05-18 00:00:00-04:00,1.0099999999999998,0.0,1.0099999999999998,100.0,I:SPX,1,3.99,1,0.04,0.9699999999999998,-478.0
2023-05-19 00:00:00-04:00,0.9000000000000004,0.0,0.9000000000000004,100.0,I:SPX,1,4.1,1,0.04,0.8600000000000003,-392.0
2023-05-22 00:00:00-04:00,1.0500000000000003,0.0,1.0500000000000003,100.0,I:SPX,1,3.9499999999999997,1,0.04,1.0100000000000002,-291.0
2023-05-23 00:00:00-04:00,1.2000000000000002,5.949999999999999,-3.8,-395.83,I:SPX,1,3.8,1,0.04,-3.84,-675.0
2023-05-24 00:00:00-04:00,1.2999999999999998,0.0,1.2999999999999998,100.0,I:SPX,1,3.7,1,0.04,1.2599999999999998,-549.0
2023-05-25 00:00:00-04:00,1.15,0.0,1.15,100.0,I:SPX,0,3.85,1,0.04,1.1099999999999999,-438.0
2023-05-26 00:00:00-04:00,1.3000000000000007,0.0,1.3000000000000007,100.0,I:SPX,1,3.6999999999999993,1,0.04,1.2600000000000007,-311.99999999999994
2023-05-30 00:00:00-04:00,1.2000000000000002,4.2,-3.0,-250.0,I:SPX,1,3.8,1,0.04,-3.04,-616.0
2023-05-31 00:00:00-04:00,1.0999999999999996,0.0,1.0999999999999996,100.0,I:SPX,1,3.9000000000000004,1,0.04,1.0599999999999996,-510.00000000000006
2023-06-01 00:00:00-04:00,0.96,0.0,0.96,100.0,I:SPX,1,4.04,1,0.04,0.9199999999999999,-418.00000000000006
2023-06-02 00:00:00-04:00,1.29,0.0,1.29,100.0,I:SPX,1,3.71,1,0.04,1.25,-293.00000000000006
2023-06-05 00:00:00-04:00,0.8999999999999999,0.86,0.039999999999999925,4.44,I:SPX,1,4.1,1,0.04,-7.632783294297951e-17,-293.00000000000006
2023-06-06 00:00:00-04:00,1.25,0.0,1.25,100.0,I:SPX,1,3.75,1,0.04,1.21,-172.00000000000006
2023-06-07 00:00:00-04:00,1.1199999999999997,4.7,-3.5800000000000005,-319.64,I:SPX,1,3.8800000000000003,1,0.04,-3.6200000000000006,-534.0000000000001
2023-06-08 00:00:00-04:00,1.0,0.0,1.0,100.0,I:SPX,1,4.0,1,0.04,0.96,-438.0000000000001
2023-06-09 00:00:00-04:00,1.1,0.0,1.1,100.0,I:SPX,1,3.9,1,0.04,1.06,-332.0000000000001
2023-06-12 00:00:00-04:00,1.2999999999999998,0.0,1.2999999999999998,100.0,I:SPX,1,3.7,1,0.04,1.2599999999999998,-206.00000000000014
2023-06-13 00:00:00-04:00,1.2999999999999998,0.0,1.2999999999999998,100.0,I:SPX,1,3.7,1,0.04,1.2599999999999998,-80.00000000000017
2023-06-14 00:00:00-04:00,1.2000000000000002,0.0,1.2000000000000002,100.0,I:SPX,1,3.8,1,0.04,1.1600000000000001,35.999999999999844
2023-06-15 00:00:00-04:00,1.06,0.0,1.06,100.0,I:SPX,1,3.94,1,0.04,1.02,137.99999999999983
2023-06-16 00:00:00-04:00,1.1500000000000004,4.4,-3.25,-282.61,I:SPX,1,3.8499999999999996,1,0.04,-3.29,-191.00000000000017
2023-06-20 00:00:00-04:00,0.8500000000000001,0.0,0.8500000000000001,100.0,I:SPX,1,4.15,1,0.04,0.81,-110.00000000000017
2023-06-21 00:00:00-04:00,1.2399999999999998,0.0,1.2399999999999998,100.0,I:SPX,1,3.7600000000000002,1,0.04,1.1999999999999997,9.999999999999801
2023-06-22 00:00:00-04:00,0.9500000000000002,0.0,0.9500000000000002,100.0,I:SPX,1,4.05,1,0.04,0.9100000000000001,100.99999999999982
2023-06-23 00:00:00-04:00,1.0,0.0,1.0,100.0,I:SPX,1,4.0,1,0.04,0.96,196.99999999999983
2023-07-03 00:00:00-04:00,0.58,0.0,0.58,100.0,I:SPX,1,4.42,1,0.04,0.5399999999999999,250.99999999999983
2023-07-05 00:00:00-04:00,0.8200000000000001,0.0,0.8200000000000001,100.0,I:SPX,1,4.18,1,0.04,0.78,328.99999999999983
2023-07-06 00:00:00-04:00,1.0999999999999996,0.0,1.0999999999999996,100.0,I:SPX,1,3.9000000000000004,1,0.04,1.0599999999999996,434.9999999999998
2023-07-07 00:00:00-04:00,1.1499999999999995,0.0,1.1499999999999995,100.0,I:SPX,1,3.8500000000000005,1,0.04,1.1099999999999994,545.9999999999998
2023-07-10 00:00:00-04:00,1.0,0.0,1.0,100.0,I:SPX,1,4.0,1,0.04,0.96,641.9999999999998
2023-07-11 00:00:00-04:00,1.23,0.0,1.23,100.0,I:SPX,1,3.77,1,0.04,1.19,760.9999999999998
2023-07-12 00:00:00-04:00,0.8999999999999995,0.0,0.8999999999999995,100.0,I:SPX,1,4.1000000000000005,1,0.04,0.8599999999999994,846.9999999999998
2023-07-13 00:00:00-04:00,1.19,0.0,1.19,100.0,I:SPX,1,3.81,1,0.04,1.15,961.9999999999998
2023-07-14 00:00:00-04:00,1.2200000000000002,2.94,-1.7199999999999998,-140.98,I:SPX,1,3.78,1,0.04,-1.7599999999999998,785.9999999999998
2023-07-17 00:00:00-04:00,0.8900000000000001,0.0,0.8900000000000001,100.0,I:SPX,1,4.109999999999999,1,0.04,0.8500000000000001,870.9999999999998
2023-07-18 00:00:00-04:00,1.35,0.0,1.35,100.0,I:SPX,1,3.65,1,0.04,1.31,1001.9999999999998
2023-07-19 00:00:00-04:00,0.8499999999999999,0.0,0.8499999999999999,100.0,I:SPX,1,4.15,1,0.04,0.8099999999999998,1082.9999999999998
2023-07-20 00:00:00-04:00,1.15,5.049999999999999,-3.85,-339.13,I:SPX,1,3.85,1,0.04,-3.89,693.9999999999998
2023-07-21 00:00:00-04:00,1.0,3.75,-2.75,-275.0,I:SPX,1,4.0,1,0.04,-2.79,414.9999999999998
2023-07-24 00:00:00-04:00,1.2999999999999998,0.0,1.2999999999999998,100.0,I:SPX,1,3.7,1,0.04,1.2599999999999998,540.9999999999998
2023-07-25 00:00:00-04:00,1.0299999999999998,0.0,1.0299999999999998,100.0,I:SPX,1,3.97,1,0.04,0.9899999999999998,639.9999999999998
2023-07-26 00:00:00-04:00,1.2000000000000002,0.0,1.2000000000000002,100.0,I:SPX,1,3.8,1,0.04,1.1600000000000001,755.9999999999998
2023-07-27 00:00:00-04:00,1.0,5.109999999999999,-4.0,-411.0,I:SPX,1,4.0,1,0.04,-4.04,351.9999999999998
2023-07-28 00:00:00-04:00,1.17,0.0,1.17,100.0,I:SPX,1,3.83,1,0.04,1.13,464.9999999999998
2023-07-31 00:00:00-04:00,1.3499999999999996,0.0,1.3499999999999996,100.0,I:SPX,1,3.6500000000000004,1,0.04,1.3099999999999996,595.9999999999998
2023-08-01 00:00:00-04:00,0.9299999999999997,0.0,0.9299999999999997,100.0,I:SPX,1,4.07,1,0.04,0.8899999999999997,684.9999999999998
2023-08-02 00:00:00-04:00,1.0999999999999996,3.55,-2.45,-222.73,I:SPX,1,3.9000000000000004,1,0.04,-2.49,435.9999999999998
2023-08-03 00:00:00-04:00,1.3000000000000003,0.0,1.3000000000000003,100.0,I:SPX,0,3.6999999999999997,1,0.04,1.2600000000000002,561.9999999999998
2023-08-04 00:00:00-04:00,1.0499999999999998,0.0,1.0499999999999998,100.0,I:SPX,0,3.95,1,0.04,1.0099999999999998,662.9999999999998
2023-08-07 00:00:00-04:00,1.1300000000000003,0.0,1.1300000000000003,100.0,I:SPX,0,3.8699999999999997,1,0.04,1.0900000000000003,771.9999999999998
2023-08-08 00:00:00-04:00,0.9500000000000002,0.0,0.9500000000000002,100.0,I:SPX,0,4.05,1,0.04,0.9100000000000001,862.9999999999998
2023-08-09 00:00:00-04:00,0.9799999999999998,0.0,0.9799999999999998,100.0,I:SPX,0,4.0200000000000005,1,0.04,0.9399999999999997,956.9999999999998
2023-08-10 00:00:00-04:00,1.1999999999999997,0.0,1.1999999999999997,100.0,I:SPX,0,3.8000000000000003,1,0.04,1.1599999999999997,1072.9999999999998
2023-08-11 00:00:00-04:00,1.54,0.0,1.54,100.0,I:SPX,0,3.46,1,0.04,1.5,1222.9999999999998
2023-08-14 00:00:00-04:00,0.9500000000000002,5.1,-4.05,-436.84,I:SPX,0,4.05,1,0.04,-4.09,813.9999999999998
2023-08-15 00:00:00-04:00,1.2999999999999998,0.0,1.2999999999999998,100.0,I:SPX,0,3.7,1,0.04,1.2599999999999998,939.9999999999998
2023-08-16 00:00:00-04:00,1.3999999999999995,0.0,1.3999999999999995,100.0,I:SPX,0,3.6000000000000005,1,0.04,1.3599999999999994,1075.9999999999998
2023-08-17 00:00:00-04:00,1.1,0.0,1.1,100.0,I:SPX,0,3.9,1,0.04,1.06,1181.9999999999998
2023-08-18 00:00:00-04:00,1.5199999999999996,4.8500000000000005,-3.330000000000001,-219.08,I:SPX,0,3.4800000000000004,1,0.04,-3.370000000000001,844.9999999999997
2023-08-21 00:00:00-04:00,1.3000000000000003,0.0,1.3000000000000003,100.0,I:SPX,0,3.6999999999999997,1,0.04,1.2600000000000002,970.9999999999997
2023-08-22 00:00:00-04:00,1.2999999999999998,0.0,1.2999999999999998,100.0,I:SPX,0,3.7,1,0.04,1.2599999999999998,1096.9999999999995
2023-08-23 00:00:00-04:00,1.25,6.190000000000001,-3.75,-395.2,I:SPX,0,3.75,1,0.04,-3.79,717.9999999999995
2023-08-24 00:00:00-04:00,1.2000000000000002,0.0,1.2000000000000002,100.0,I:SPX,0,3.8,1,0.04,1.1600000000000001,833.9999999999995
2023-08-25 00:00:00-04:00,1.5,0.0,1.5,100.0,I:SPX,0,3.5,1,0.04,1.46,979.9999999999995
2023-08-28 00:00:00-04:00,0.9000000000000001,0.0,0.9000000000000001,100.0,I:SPX,0,4.1,1,0.04,0.8600000000000001,1065.9999999999995
2023-08-29 00:00:00-04:00,1.25,6.75,-3.75,-440.0,I:SPX,0,3.75,1,0.04,-3.79,686.9999999999995
2023-08-30 00:00:00-04:00,1.5,0.0,1.5,100.0,I:SPX,1,3.5,1,0.04,1.46,832.9999999999995
2023-08-31 00:00:00-04:00,1.1599999999999997,1.3499999999999999,-0.19000000000000017,-16.38,I:SPX,1,3.8400000000000003,1,0.04,-0.23000000000000018,809.9999999999995
2023-09-01 00:00:00-04:00,1.25,0.45,0.8,64.0,I:SPX,1,3.75,1,0.04,0.76,885.9999999999995
2023-09-05 00:00:00-04:00,1.5000000000000004,0.0,1.5000000000000004,100.0,I:SPX,1,3.4999999999999996,1,0.04,1.4600000000000004,1031.9999999999995
2023-09-06 00:00:00-04:00,1.1099999999999999,0.0,1.1099999999999999,100.0,I:SPX,1,3.89,1,0.04,1.0699999999999998,1138.9999999999995
2023-09-07 00:00:00-04:00,1.1899999999999995,0.0,1.1899999999999995,100.0,I:SPX,1,3.8100000000000005,1,0.04,1.1499999999999995,1253.9999999999995
2023-09-08 00:00:00-04:00,0.9500000000000002,0.0,0.9500000000000002,100.0,I:SPX,1,4.05,1,0.04,0.9100000000000001,1344.9999999999995
2023-09-11 00:00:00-04:00,1.0,0.0,1.0,100.0,I:SPX,1,4.0,1,0.04,0.96,1440.9999999999995
2023-09-12 00:00:00-04:00,1.0299999999999998,2.35,-1.3200000000000003,-128.16,I:SPX,1,3.97,1,0.04,-1.3600000000000003,1304.9999999999995
2023-09-13 00:00:00-04:00,0.98,0.0,0.98,100.0,I:SPX,1,4.02,1,0.04,0.94,1398.9999999999995
2023-09-14 00:00:00-04:00,1.08,0.0,1.08,100.0,I:SPX,1,3.92,1,0.04,1.04,1502.9999999999995
2023-09-15 00:00:00-04:00,1.25,4.700000000000003,-3.450000000000003,-276.0,I:SPX,1,3.75,1,0.04,-3.490000000000003,1153.9999999999993
2023-09-18 00:00:00-04:00,1.3000000000000003,0.0,1.3000000000000003,100.0,I:SPX,0,3.6999999999999997,1,0.04,1.2600000000000002,1279.9999999999993
2023-09-19 00:00:00-04:00,0.9299999999999999,0.0,0.9299999999999999,100.0,I:SPX,0,4.07,1,0.04,0.8899999999999999,1368.9999999999993
2023-09-20 00:00:00-04:00,1.4799999999999995,0.0,1.4799999999999995,100.0,I:SPX,0,3.5200000000000005,1,0.04,1.4399999999999995,1512.9999999999993
2023-09-21 00:00:00-04:00,1.0,0.0,1.0,100.0,I:SPX,0,4.0,1,0.04,0.96,1608.9999999999993
2023-09-22 00:00:00-04:00,1.12,0.0,1.12,100.0,I:SPX,0,3.88,1,0.04,1.08,1716.9999999999993
2023-09-25 00:00:00-04:00,1.5000000000000004,6.0,-3.4999999999999996,-300.0,I:SPX,0,3.4999999999999996,1,0.04,-3.5399999999999996,1362.9999999999993
2023-09-26 00:00:00-04:00,1.3900000000000006,0.0,1.3900000000000006,100.0,I:SPX,0,3.6099999999999994,1,0.04,1.3500000000000005,1497.9999999999993
2023-09-27 00:00:00-04:00,1.0100000000000002,0.0,1.0100000000000002,100.0,I:SPX,0,3.9899999999999998,1,0.04,0.9700000000000002,1594.9999999999993
2023-09-28 00:00:00-04:00,1.2000000000000002,3.21,-2.01,-167.5,I:SPX,0,3.8,1,0.04,-2.05,1389.9999999999993
2023-09-29 00:00:00-04:00,1.3000000000000003,0.0,1.3000000000000003,100.0,I:SPX,0,3.6999999999999997,1,0.04,1.2600000000000002,1515.9999999999993
2023-10-02 00:00:00-04:00,1.1999999999999997,0.0,1.1999999999999997,100.0,I:SPX,0,3.8000000000000003,1,0.04,1.1599999999999997,1631.9999999999993
2023-10-03 00:00:00-04:00,1.2999999999999998,0.0,1.2999999999999998,100.0,I:SPX,0,3.7,1,0.04,1.2599999999999998,1757.9999999999993
2023-10-04 00:00:00-04:00,1.4000000000000004,3.45,-2.05,-146.43,I:SPX,0,3.5999999999999996,1,0.04,-2.09,1548.9999999999993
2023-10-05 00:00:00-04:00,1.2000000000000002,0.0,1.2000000000000002,100.0,I:SPX,0,3.8,1,0.04,1.1600000000000001,1664.9999999999993
2023-10-06 00:00:00-04:00,1.3499999999999996,4.649999999999999,-3.299999999999999,-244.44,I:SPX,0,3.6500000000000004,1,0.04,-3.339999999999999,1330.9999999999995
2023-10-09 00:00:00-04:00,1.7000000000000002,5.010000000000002,-3.3,-194.71,I:SPX,0,3.3,1,0.04,-3.34,996.9999999999995
2023-10-10 00:00:00-04:00,1.1,0.05,1.05,95.45,I:SPX,0,3.9,1,0.04,1.01,1097.9999999999995
2023-10-11 00:00:00-04:00,1.08,0.0,1.08,100.0,I:SPX,1,3.92,1,0.04,1.04,1201.9999999999995
2023-10-12 00:00:00-04:00,1.2000000000000002,4.1000000000000005,-2.9000000000000004,-241.67,I:SPX,1,3.8,1,0.04,-2.9400000000000004,907.9999999999995
2023-10-13 00:00:00-04:00,1.2999999999999998,2.84,-1.54,-118.46,I:SPX,1,3.7,1,0.04,-1.58,749.9999999999995
2023-10-16 00:00:00-04:00,1.1600000000000001,0.0,1.1600000000000001,100.0,I:SPX,1,3.84,1,0.04,1.12,861.9999999999995
2023-10-17 00:00:00-04:00,1.2000000000000002,0.0,1.2000000000000002,100.0,I:SPX,1,3.8,1,0.04,1.1600000000000001,977.9999999999995
2023-10-18 00:00:00-04:00,1.2000000000000002,4.479999999999999,-3.2799999999999985,-273.33,I:SPX,1,3.8,1,0.04,-3.3199999999999985,645.9999999999998
2023-10-19 00:00:00-04:00,1.3899999999999997,6.76,-3.6100000000000003,-386.33,I:SPX,1,3.6100000000000003,1,0.04,-3.6500000000000004,280.9999999999997
2023-10-20 00:00:00-04:00,1.3999999999999995,0.0,1.3999999999999995,100.0,I:SPX,0,3.6000000000000005,1,0.04,1.3599999999999994,416.99999999999966
2023-10-23 00:00:00-04:00,1.2999999999999998,0.0,1.2999999999999998,100.0,I:SPX,0,3.7,1,0.04,1.2599999999999998,542.9999999999997
2023-10-24 00:00:00-04:00,1.7000000000000002,0.0,1.7000000000000002,100.0,I:SPX,0,3.3,1,0.04,1.6600000000000001,708.9999999999997
2023-10-25 00:00:00-04:00,1.2000000000000002,0.0,1.2000000000000002,100.0,I:SPX,0,3.8,1,0.04,1.1600000000000001,824.9999999999997
2023-10-26 00:00:00-04:00,1.2999999999999998,0.0,1.2999999999999998,100.0,I:SPX,0,3.7,1,0.04,1.2599999999999998,950.9999999999997
2023-10-27 00:00:00-04:00,1.3999999999999995,0.0,1.3999999999999995,100.0,I:SPX,0,3.6000000000000005,1,0.04,1.3599999999999994,1086.9999999999995
2023-10-30 00:00:00-04:00,1.6100000000000003,0.0,1.6100000000000003,100.0,I:SPX,0,3.3899999999999997,1,0.04,1.5700000000000003,1243.9999999999995
2023-10-31 00:00:00-04:00,1.1999999999999993,3.6999999999999993,-2.5,-208.33,I:SPX,0,3.8000000000000007,1,0.04,-2.54,989.9999999999995
2023-11-01 00:00:00-04:00,1.2000000000000002,4.450000000000001,-3.250000000000001,-270.83,I:SPX,0,3.8,1,0.04,-3.290000000000001,660.9999999999994
2023-11-02 00:00:00-04:00,1.4,5.279999999999999,-3.6,-277.14,I:SPX,0,3.6,1,0.04,-3.64,296.99999999999943
2023-11-03 00:00:00-04:00,0.7999999999999998,0.0,0.7999999999999998,100.0,I:SPX,1,4.2,1,0.04,0.7599999999999998,372.99999999999943
2023-11-06 00:00:00-05:00,1.0999999999999996,0.0,1.0999999999999996,100.0,I:SPX,1,3.9000000000000004,1,0.04,1.0599999999999996,478.9999999999994
2023-11-07 00:00:00-05:00,1.19,0.0,1.19,100.0,I:SPX,1,3.81,1,0.04,1.15,593.9999999999993
2023-11-08 00:00:00-05:00,1.3000000000000003,0.0,1.3000000000000003,100.0,I:SPX,1,3.6999999999999997,1,0.04,1.2600000000000002,719.9999999999993
2023-11-09 00:00:00-05:00,1.0499999999999998,5.5,-3.95,-423.81,I:SPX,1,3.95,1,0.04,-3.99,320.9999999999993
2023-11-10 00:00:00-05:00,1.1,0.0,1.1,100.0,I:SPX,1,3.9,1,0.04,1.06,426.9999999999993
2023-11-13 00:00:00-05:00,1.0699999999999998,0.0,1.0699999999999998,100.0,I:SPX,1,3.93,1,0.04,1.0299999999999998,529.9999999999993
2023-11-14 00:00:00-05:00,1.3999999999999995,0.0,1.3999999999999995,100.0,I:SPX,1,3.6000000000000005,1,0.04,1.3599999999999994,665.9999999999993
2023-11-15 00:00:00-05:00,1.0099999999999998,0.0,1.0099999999999998,100.0,I:SPX,1,3.99,1,0.04,0.9699999999999998,762.9999999999993
2023-11-16 00:00:00-05:00,1.1,0.0,1.1,100.0,I:SPX,1,3.9,1,0.04,1.06,868.9999999999993
2023-11-17 00:00:00-05:00,1.5000000000000004,0.0,1.5000000000000004,100.0,I:SPX,1,3.4999999999999996,1,0.04,1.4600000000000004,1014.9999999999993
2023-11-20 00:00:00-05:00,0.7500000000000002,0.0,0.7500000000000002,100.0,I:SPX,1,4.25,1,0.04,0.7100000000000002,1085.9999999999993
2023-11-21 00:00:00-05:00,1.1099999999999999,0.0,1.1099999999999999,100.0,I:SPX,1,3.89,1,0.04,1.0699999999999998,1192.9999999999993
2023-11-22 00:00:00-05:00,0.8799999999999999,0.0,0.8799999999999999,100.0,I:SPX,1,4.12,1,0.04,0.8399999999999999,1276.9999999999993
2023-11-24 00:00:00-05:00,0.5700000000000001,0.0,0.5700000000000001,100.0,I:SPX,1,4.43,1,0.04,0.53,1329.9999999999993
2023-11-27 00:00:00-05:00,0.75,0.0,0.75,100.0,I:SPX,1,4.25,1,0.04,0.71,1400.9999999999993
2023-11-28 00:00:00-05:00,1.25,0.0,1.25,100.0,I:SPX,1,3.75,1,0.04,1.21,1521.9999999999993
2023-11-29 00:00:00-05:00,1.0,6.949999999999999,-4.0,-595.0,I:SPX,1,4.0,1,0.04,-4.04,1117.9999999999993
2023-11-30 00:00:00-05:00,1.0900000000000003,0.0,1.0900000000000003,100.0,I:SPX,1,3.9099999999999997,1,0.04,1.0500000000000003,1222.9999999999993
2023-12-01 00:00:00-05:00,1.0,0.0,1.0,100.0,I:SPX,1,4.0,1,0.04,0.96,1318.9999999999993
2023-12-04 00:00:00-05:00,0.9500000000000002,0.0,0.9500000000000002,100.0,I:SPX,1,4.05,1,0.04,0.9100000000000001,1409.9999999999993
2023-12-05 00:00:00-05:00,1.1,0.0,1.1,100.0,I:SPX,1,3.9,1,0.04,1.06,1515.9999999999993
2023-12-06 00:00:00-05:00,1.25,6.689999999999998,-3.75,-435.2,I:SPX,1,3.75,1,0.04,-3.79,1136.9999999999993
2023-12-07 00:00:00-05:00,0.8999999999999999,0.0,0.8999999999999999,100.0,I:SPX,1,4.1,1,0.04,0.8599999999999999,1222.9999999999993
2023-12-08 00:00:00-05:00,1.1199999999999997,0.0,1.1199999999999997,100.0,I:SPX,1,3.8800000000000003,1,0.04,1.0799999999999996,1330.9999999999993
2023-12-11 00:00:00-05:00,0.7999999999999998,0.0,0.7999999999999998,100.0,I:SPX,1,4.2,1,0.04,0.7599999999999998,1406.9999999999993
2023-12-12 00:00:00-05:00,0.9000000000000004,0.0,0.9000000000000004,100.0,I:SPX,1,4.1,1,0.04,0.8600000000000003,1492.9999999999993
2023-12-13 00:00:00-05:00,1.1499999999999995,0.0,1.1499999999999995,100.0,I:SPX,1,3.8500000000000005,1,0.04,1.1099999999999994,1603.9999999999993
2023-12-14 00:00:00-05:00,1.3000000000000003,0.0,1.3000000000000003,100.0,I:SPX,1,3.6999999999999997,1,0.04,1.2600000000000002,1729.9999999999993
2023-12-15 00:00:00-05:00,1.2000000000000002,0.0,1.2000000000000002,100.0,I:SPX,1,3.8,1,0.04,1.1600000000000001,1845.9999999999993
2023-12-18 00:00:00-05:00,0.9300000000000002,0.0,0.9300000000000002,100.0,I:SPX,1,4.07,1,0.04,0.8900000000000001,1934.9999999999993
2023-12-19 00:00:00-05:00,0.9500000000000002,0.0,0.9500000000000002,100.0,I:SPX,1,4.05,1,0.04,0.9100000000000001,2025.9999999999993
2023-12-20 00:00:00-05:00,1.0500000000000003,4.490000000000002,-3.4400000000000017,-327.62,I:SPX,1,3.9499999999999997,1,0.04,-3.4800000000000018,1677.999999999999
2023-12-21 00:00:00-05:00,1.5,0.0,1.5,100.0,I:SPX,1,3.5,1,0.04,1.46,1823.999999999999
2023-12-22 00:00:00-05:00,0.9300000000000002,0.0,0.9300000000000002,100.0,I:SPX,1,4.07,1,0.04,0.8900000000000001,1912.999999999999
2023-12-26 00:00:00-05:00,1.2499999999999996,0.0,1.2499999999999996,100.0,I:SPX,1,3.7500000000000004,1,0.04,1.2099999999999995,2033.999999999999
2023-12-27 00:00:00-05:00,0.9500000000000002,0.0,0.9500000000000002,100.0,I:SPX,1,4.05,1,0.04,0.9100000000000001,2124.999999999999
2023-12-28 00:00:00-05:00,0.7799999999999998,0.0,0.7799999999999998,100.0,I:SPX,1,4.220000000000001,1,0.04,0.7399999999999998,2198.999999999999
2023-12-29 00:00:00-05:00,0.9200000000000004,0.05,0.8700000000000003,94.57,I:SPX,1,4.08,1,0.04,0.8300000000000003,2281.999999999999
2024-01-02 00:00:00-05:00,1.1,0.0,1.1,100.0,I:SPX,1,3.9,1,0.04,1.06,2387.999999999999
2024-01-03 00:00:00-05:00,1.2000000000000002,0.45,0.7500000000000002,62.5,I:SPX,1,3.8,1,0.04,0.7100000000000002,2458.999999999999
2024-01-04 00:00:00-05:00,1.0,1.05,-0.050000000000000044,-5.0,I:SPX,1,4.0,1,0.04,-0.09000000000000005,2449.999999999999
2024-01-05 00:00:00-05:00,1.0899999999999999,0.0,1.0899999999999999,100.0,I:SPX,0,3.91,1,0.04,1.0499999999999998,2554.999999999999
2024-01-08 00:00:00-05:00,0.9200000000000002,6.810000000000002,-4.08,-640.22,I:SPX,0,4.08,1,0.04,-4.12,2142.999999999999
2024-01-09 00:00:00-05:00,1.1999999999999997,0.0,1.1999999999999997,100.0,I:SPX,1,3.8000000000000003,1,0.04,1.1599999999999997,2258.999999999999
2024-01-10 00:00:00-05:00,1.2399999999999998,0.0,1.2399999999999998,100.0,I:SPX,1,3.7600000000000002,1,0.04,1.1999999999999997,2378.999999999999
2024-01-11 00:00:00-05:00,1.5,0.15000000000000002,1.35,90.0,I:SPX,1,3.5,1,0.04,1.31,2509.999999999999
2024-01-12 00:00:00-05:00,0.98,0.0,0.98,100.0,I:SPX,1,4.02,1,0.04,0.94,2603.999999999999
2024-01-16 00:00:00-05:00,1.2699999999999996,0.0,1.2699999999999996,100.0,I:SPX,1,3.7300000000000004,1,0.04,1.2299999999999995,2726.999999999999
2024-01-17 00:00:00-05:00,0.8999999999999999,0.0,0.8999999999999999,100.0,I:SPX,1,4.1,1,0.04,0.8599999999999999,2812.999999999999
2024-01-18 00:00:00-05:00,1.0,5.3,-4.0,-430.0,I:SPX,0,4.0,1,0.04,-4.04,2408.999999999999
2024-01-19 00:00:00-05:00,1.2000000000000002,0.0,1.2000000000000002,100.0,I:SPX,1,3.8,1,0.04,1.1600000000000001,2524.999999999999
2024-01-22 00:00:00-05:00,1.3999999999999995,0.0,1.3999999999999995,100.0,I:SPX,1,3.6000000000000005,1,0.04,1.3599999999999994,2660.999999999999
2024-01-23 00:00:00-05:00,1.1400000000000001,0.0,1.1400000000000001,100.0,I:SPX,1,3.86,1,0.04,1.1,2770.999999999999
2024-01-24 00:00:00-05:00,0.8499999999999999,4.45,-3.6000000000000005,-423.53,I:SPX,1,4.15,1,0.04,-3.6400000000000006,2406.999999999999
2024-01-25 00:00:00-05:00,1.2999999999999998,0.0,1.2999999999999998,100.0,I:SPX,1,3.7,1,0.04,1.2599999999999998,2532.999999999999
2024-01-26 00:00:00-05:00,1.25,0.0,1.25,100.0,I:SPX,1,3.75,1,0.04,1.21,2653.999999999999
2024-01-29 00:00:00-05:00,1.1300000000000003,0.0,1.1300000000000003,100.0,I:SPX,1,3.8699999999999997,1,0.04,1.0900000000000003,2762.999999999999
2024-01-30 00:00:00-05:00,1.0499999999999998,0.0,1.0499999999999998,100.0,I:SPX,1,3.95,1,0.04,1.0099999999999998,2863.999999999999
2024-01-31 00:00:00-05:00,1.2999999999999998,2.450000000000003,-1.150000000000003,-88.46,I:SPX,1,3.7,1,0.04,-1.190000000000003,2744.9999999999986
2024-02-01 00:00:00-05:00,1.0,0.0,1.0,100.0,I:SPX,1,4.0,1,0.04,0.96,2840.9999999999986
2024-02-02 00:00:00-05:00,0.9699999999999998,0.0,0.9699999999999998,100.0,I:SPX,1,4.03,1,0.04,0.9299999999999997,2933.9999999999986
2024-02-05 00:00:00-05:00,1.1999999999999997,0.0,1.1999999999999997,100.0,I:SPX,1,3.8000000000000003,1,0.04,1.1599999999999997,3049.9999999999986
2024-02-06 00:00:00-05:00,1.1999999999999997,0.0,1.1999999999999997,100.0,I:SPX,1,3.8000000000000003,1,0.04,1.1599999999999997,3165.9999999999986
2024-02-07 00:00:00-05:00,0.9899999999999998,0.0,0.9899999999999998,100.0,I:SPX,1,4.01,1,0.04,0.9499999999999997,3260.9999999999986
2024-02-08 00:00:00-05:00,1.0299999999999998,0.0,1.0299999999999998,100.0,I:SPX,1,3.97,1,0.04,0.9899999999999998,3359.9999999999986
2024-02-09 00:00:00-05:00,1.1,0.0,1.1,100.0,I:SPX,1,3.9,1,0.04,1.06,3465.9999999999986
2024-02-12 00:00:00-05:00,0.9300000000000002,0.0,0.9300000000000002,100.0,I:SPX,1,4.07,1,0.04,0.8900000000000001,3554.9999999999986
2024-02-13 00:00:00-05:00,1.1699999999999995,0.0,1.1699999999999995,100.0,I:SPX,1,3.8300000000000005,1,0.04,1.1299999999999994,3667.9999999999986
2024-02-14 00:00:00-05:00,1.0,0.0,1.0,100.0,I:SPX,1,4.0,1,0.04,0.96,3763.9999999999986
2024-02-15 00:00:00-05:00,1.2200000000000002,0.0,1.2200000000000002,100.0,I:SPX,1,3.78,1,0.04,1.1800000000000002,3881.9999999999986
2024-02-16 00:00:00-05:00,1.1499999999999995,0.3,0.8499999999999994,73.91,I:SPX,1,3.8500000000000005,1,0.04,0.8099999999999994,3962.9999999999986
2024-02-20 00:00:00-05:00,1.3000000000000003,0.3,1.0000000000000002,76.92,I:SPX,1,3.6999999999999997,1,0.04,0.9600000000000002,4058.9999999999986
2024-02-21 00:00:00-05:00,1.0499999999999998,0.0,1.0499999999999998,100.0,I:SPX,1,3.95,1,0.04,1.0099999999999998,4159.999999999998
2024-02-22 00:00:00-05:00,1.1600000000000001,0.0,1.1600000000000001,100.0,I:SPX,1,3.84,1,0.04,1.12,4271.999999999998
2024-02-23 00:00:00-05:00,1.0,0.75,0.25,25.0,I:SPX,1,4.0,1,0.04,0.21,4292.999999999998
2024-02-26 00:00:00-05:00,1.2999999999999998,4.83,-3.5300000000000002,-271.54,I:SPX,1,3.7,1,0.04,-3.5700000000000003,3935.999999999998
2024-02-27 00:00:00-05:00,0.98,0.0,0.98,100.0,I:SPX,1,4.02,1,0.04,0.94,4029.999999999998
2024-02-28 00:00:00-05:00,0.9499999999999997,0.0,0.9499999999999997,100.0,I:SPX,1,4.050000000000001,1,0.04,0.9099999999999997,4120.999999999998
2024-02-29 00:00:00-05:00,1.25,0.0,1.25,100.0,I:SPX,1,3.75,1,0.04,1.21,4241.999999999998
2024-03-01 00:00:00-05:00,1.08,0.0,1.08,100.0,I:SPX,1,3.92,1,0.04,1.04,4345.999999999998
2024-03-04 00:00:00-05:00,1.15,0.0,1.15,100.0,I:SPX,1,3.85,1,0.04,1.1099999999999999,4456.999999999998
2024-03-05 00:00:00-05:00,1.25,5.409999999999999,-3.75,-332.8,I:SPX,1,3.75,1,0.04,-3.79,4077.999999999998
2024-03-06 00:00:00-05:00,1.5499999999999998,0.0,1.5499999999999998,100.0,I:SPX,1,3.45,1,0.04,1.5099999999999998,4228.999999999998
2024-03-07 00:00:00-05:00,0.9500000000000002,0.0,0.9500000000000002,100.0,I:SPX,1,4.05,1,0.04,0.9100000000000001,4319.999999999998
2024-03-08 00:00:00-05:00,1.2800000000000002,2.2200000000000024,-0.9400000000000022,-73.44,I:SPX,1,3.7199999999999998,1,0.04,-0.9800000000000022,4221.999999999998
2024-03-11 00:00:00-04:00,0.8699999999999997,0.0,0.8699999999999997,100.0,I:SPX,1,4.130000000000001,1,0.04,0.8299999999999996,4304.999999999998
2024-03-12 00:00:00-04:00,1.5,0.0,1.5,100.0,I:SPX,1,3.5,1,0.04,1.46,4450.999999999998
2024-03-13 00:00:00-04:00,1.2000000000000002,0.0,1.2000000000000002,100.0,I:SPX,1,3.8,1,0.04,1.1600000000000001,4566.999999999998
2024-03-14 00:00:00-04:00,0.9499999999999997,2.4899999999999998,-1.54,-162.11,I:SPX,1,4.050000000000001,1,0.04,-1.58,4408.999999999998
2024-03-15 00:00:00-04:00,1.1099999999999994,0.0,1.1099999999999994,100.0,I:SPX,1,3.8900000000000006,1,0.04,1.0699999999999994,4515.999999999998
2024-03-19 00:00:00-04:00,1.13,0.0,1.13,100.0,I:SPX,1,3.87,1,0.04,1.0899999999999999,4624.999999999998
2024-03-20 00:00:00-04:00,1.4000000000000004,0.0,1.4000000000000004,100.0,I:SPX,1,3.5999999999999996,1,0.04,1.3600000000000003,4760.999999999998
2024-03-21 00:00:00-04:00,1.0299999999999998,0.0,1.0299999999999998,100.0,I:SPX,1,3.97,1,0.04,0.9899999999999998,4859.999999999998
2024-03-22 00:00:00-04:00,0.9300000000000002,0.0,0.9300000000000002,100.0,I:SPX,1,4.07,1,0.04,0.8900000000000001,4948.999999999998
2024-03-25 00:00:00-04:00,1.0300000000000002,0.0,1.0300000000000002,100.0,I:SPX,1,3.9699999999999998,1,0.04,0.9900000000000002,5047.999999999998
2024-03-26 00:00:00-04:00,1.1400000000000001,5.779999999999999,-3.86,-407.02,I:SPX,1,3.86,1,0.04,-3.9,4657.999999999998
2024-03-27 00:00:00-04:00,0.8800000000000003,0.0,0.8800000000000003,100.0,I:SPX,1,4.119999999999999,1,0.04,0.8400000000000003,4741.999999999998
2024-03-28 00:00:00-04:00,1.0099999999999998,0.0,1.0099999999999998,100.0,I:SPX,1,3.99,1,0.04,0.9699999999999998,4838.999999999998
2024-04-01 00:00:00-04:00,1.3000000000000003,5.4,-3.6999999999999997,-315.38,I:SPX,1,3.6999999999999997,1,0.04,-3.7399999999999998,4464.999999999998
2024-04-02 00:00:00-04:00,1.0999999999999996,0.0,1.0999999999999996,100.0,I:SPX,1,3.9000000000000004,1,0.04,1.0599999999999996,4570.999999999998
2024-04-03 00:00:00-04:00,0.94,0.0,0.94,100.0,I:SPX,1,4.0600000000000005,1,0.04,0.8999999999999999,4660.999999999998
2024-04-04 00:00:00-04:00,1.0,5.070000000000007,-4.0,-407.0,I:SPX,1,4.0,1,0.04,-4.04,4256.999999999998
2024-04-05 00:00:00-04:00,1.1999999999999993,4.119999999999999,-2.92,-243.33,I:SPX,0,3.8000000000000007,1,0.04,-2.96,3960.999999999998
2024-04-08 00:00:00-04:00,1.2000000000000002,0.0,1.2000000000000002,100.0,I:SPX,1,3.8,1,0.04,1.1600000000000001,4076.999999999998
2024-04-09 00:00:00-04:00,0.7200000000000002,0.0,0.7200000000000002,100.0,I:SPX,1,4.279999999999999,1,0.04,0.6800000000000002,4144.999999999998
2024-04-10 00:00:00-04:00,1.25,0.0,1.25,100.0,I:SPX,1,3.75,1,0.04,1.21,4265.999999999998
2024-04-11 00:00:00-04:00,1.3000000000000003,5.5,-3.6999999999999997,-323.08,I:SPX,0,3.6999999999999997,1,0.04,-3.7399999999999998,3891.999999999998
2024-04-12 00:00:00-04:00,1.5499999999999998,0.0,1.5499999999999998,100.0,I:SPX,0,3.45,1,0.04,1.5099999999999998,4042.999999999998
2024-04-15 00:00:00-04:00,1.2500000000000004,0.0,1.2500000000000004,100.0,I:SPX,0,3.7499999999999996,1,0.04,1.2100000000000004,4163.999999999998
2024-04-16 00:00:00-04:00,1.25,0.0,1.25,100.0,I:SPX,0,3.75,1,0.04,1.21,4284.999999999998
2024-04-17 00:00:00-04:00,1.25,0.0,1.25,100.0,I:SPX,0,3.75,1,0.04,1.21,4405.999999999998
2024-04-18 00:00:00-04:00,1.2000000000000002,0.0,1.2000000000000002,100.0,I:SPX,0,3.8,1,0.04,1.1600000000000001,4521.999999999998
2024-04-19 00:00:00-04:00,1.1600000000000001,0.0,1.1600000000000001,100.0,I:SPX,0,3.84,1,0.04,1.12,4633.999999999998
2024-04-22 00:00:00-04:00,1.0,0.6499999999999999,0.3500000000000001,35.0,I:SPX,0,4.0,1,0.04,0.3100000000000001,4664.999999999998
2024-04-23 00:00:00-04:00,1.31,4.230000000000002,-2.920000000000002,-222.9,I:SPX,0,3.69,1,0.04,-2.960000000000002,4368.999999999998
2024-04-24 00:00:00-04:00,1.1999999999999997,0.0,1.1999999999999997,100.0,I:SPX,0,3.8000000000000003,1,0.04,1.1599999999999997,4484.999999999998
2024-04-25 00:00:00-04:00,1.2999999999999998,0.14999999999999858,1.1500000000000012,88.46,I:SPX,0,3.7,1,0.04,1.1100000000000012,4595.999999999998
2024-04-26 00:00:00-04:00,1.2800000000000002,0.0,1.2800000000000002,100.0,I:SPX,0,3.7199999999999998,1,0.04,1.2400000000000002,4719.999999999998
2024-04-29 00:00:00-04:00,1.15,0.0,1.15,100.0,I:SPX,0,3.85,1,0.04,1.1099999999999999,4830.999999999998
2024-04-30 00:00:00-04:00,1.0500000000000003,5.859999999999999,-3.9499999999999997,-458.1,I:SPX,1,3.9499999999999997,1,0.04,-3.9899999999999998,4431.999999999998
2024-05-01 00:00:00-04:00,1.299999999999999,0.0,1.299999999999999,100.0,I:SPX,0,3.700000000000001,1,0.04,1.259999999999999,4557.999999999998
2024-05-02 00:00:00-04:00,1.2000000000000002,0.09999999999999999,1.1,91.67,I:SPX,0,3.8,1,0.04,1.06,4663.999999999998
2024-05-03 00:00:00-04:00,1.29,0.0,1.29,100.0,I:SPX,0,3.71,1,0.04,1.25,4788.999999999998
2024-05-06 00:00:00-04:00,0.9100000000000001,0.0,0.9100000000000001,100.0,I:SPX,1,4.09,1,0.04,0.8700000000000001,4875.999999999998
2024-05-07 00:00:00-04:00,1.2600000000000002,0.0,1.2600000000000002,100.0,I:SPX,1,3.7399999999999998,1,0.04,1.2200000000000002,4997.999999999998
2024-05-08 00:00:00-04:00,0.7999999999999998,0.0,0.7999999999999998,100.0,I:SPX,1,4.2,1,0.04,0.7599999999999998,5073.999999999998
2024-05-09 00:00:00-04:00,1.0,0.0,1.0,100.0,I:SPX,1,4.0,1,0.04,0.96,5169.999999999998
2024-05-10 00:00:00-04:00,0.6499999999999999,0.0,0.6499999999999999,100.0,I:SPX,1,4.35,1,0.04,0.6099999999999999,5230.999999999998
2024-05-13 00:00:00-04:00,1.02,0.0,1.02,100.0,I:SPX,1,3.98,1,0.04,0.98,5328.999999999998
2024-05-14 00:00:00-04:00,1.0,0.0,1.0,100.0,I:SPX,1,4.0,1,0.04,0.96,5424.999999999998
